"Дата","Цена","Откр.","Макс.","Мин.","Изм. %"
"29.09.2022","99,95","99,95","99,95","99,95","-0,03%"
"28.09.2022","99,98","99,98","99,98","99,98","0,08%"
"27.09.2022","99,90","99,90","99,90","99,90","0,59%"
"26.09.2022","99,31","99,31","99,31","99,31","-0,49%"
"23.09.2022","99,80","99,80","99,80","99,80","0,04%"
"22.09.2022","99,76","99,76","99,76","99,76","0,06%"
"21.09.2022","99,70","99,70","99,70","99,70","-0,25%"
"20.09.2022","99,95","99,95","99,95","99,95","-0,03%"
"19.09.2022","99,98","99,98","99,98","99,98","0,02%"
"16.09.2022","99,96","99,96","99,96","99,96","0,01%"
"15.09.2022","99,95","99,95","99,95","99,95","0,01%"
"14.09.2022","99,94","99,94","99,94","99,94","-0,01%"
"13.09.2022","99,95","99,95","99,95","99,95","0,00%"
"12.09.2022","99,95","99,95","99,95","99,95","0,01%"
"09.09.2022","99,94","99,94","99,94","99,94","-0,04%"
"08.09.2022","99,98","99,98","99,98","99,98","0,03%"
"07.09.2022","99,95","99,95","99,95","99,95","0,00%"
"06.09.2022","99,95","99,95","99,95","99,95","0,01%"
"05.09.2022","99,94","99,94","99,94","99,94","0,02%"
"02.09.2022","99,92","99,92","99,92","99,92","-0,03%"
"01.09.2022","99,95","99,95","99,95","99,95","0,09%"
"31.08.2022","99,86","99,86","99,86","99,86","-0,05%"
"30.08.2022","99,91","99,91","99,91","99,91","0,01%"
"29.08.2022","99,90","99,90","99,90","99,90","-0,01%"
"26.08.2022","99,91","99,91","99,91","99,91","-0,04%"
"25.08.2022","99,95","99,95","99,95","99,95","0,00%"
"24.08.2022","99,95","99,95","99,95","99,95","0,01%"
"23.08.2022","99,94","99,94","99,94","99,94","0,02%"
"22.08.2022","99,92","99,92","99,92","99,92","-0,04%"
"19.08.2022","99,96","99,96","99,96","99,96","0,06%"
"18.08.2022","99,90","99,90","99,90","99,90","-0,04%"
"17.08.2022","99,94","99,94","99,94","99,94","-0,03%"
"16.08.2022","99,97","99,97","99,97","99,97","0,00%"
"15.08.2022","99,97","99,97","99,97","99,97","0,00%"
"12.08.2022","99,97","99,97","99,97","99,97","0,09%"
"11.08.2022","99,88","99,88","99,88","99,88","-0,01%"
"10.08.2022","99,89","99,89","99,89","99,89","-0,07%"
"09.08.2022","99,96","99,96","99,96","99,96","-0,01%"
"08.08.2022","99,97","99,97","99,97","99,97","0,03%"
"05.08.2022","99,94","99,94","99,94","99,94","0,03%"
"04.08.2022","99,91","99,91","99,91","99,91","-0,03%"
"03.08.2022","99,94","99,94","99,94","99,94","-0,05%"
"02.08.2022","99,99","99,99","99,99","99,99","0,08%"
"01.08.2022","99,91","99,91","99,91","99,91","-0,08%"
"29.07.2022","99,99","99,99","99,99","99,99","0,10%"
"28.07.2022","99,89","99,89","99,89","99,89","0,02%"
"27.07.2022","99,87","99,87","99,87","99,87","-0,03%"
"26.07.2022","99,90","99,90","99,90","99,90","0,01%"
"25.07.2022","99,89","99,89","99,89","99,89","0,00%"
"22.07.2022","99,89","99,89","99,89","99,89","0,11%"
"21.07.2022","99,78","99,78","99,78","99,78","0,22%"
"20.07.2022","99,56","99,56","99,56","99,56","-0,14%"
"19.07.2022","99,70","99,70","99,70","99,70","-0,06%"
"18.07.2022","99,76","99,76","99,76","99,76","0,04%"
"15.07.2022","99,72","99,72","99,72","99,72","0,09%"
"14.07.2022","99,63","99,63","99,63","99,63","-0,07%"
"13.07.2022","99,70","99,70","99,70","99,70","0,03%"
"12.07.2022","99,67","99,67","99,67","99,67","0,03%"
"11.07.2022","99,64","99,64","99,64","99,64","-0,01%"
"08.07.2022","99,65","99,65","99,65","99,65","0,05%"
"07.07.2022","99,60","99,60","99,60","99,60","-0,06%"
"06.07.2022","99,66","99,66","99,66","99,66","0,01%"
"05.07.2022","99,65","99,65","99,65","99,65","0,00%"
"04.07.2022","99,65","99,65","99,65","99,65","-0,03%"
"01.07.2022","99,68","99,68","99,68","99,68","0,08%"
"30.06.2022","99,60","99,60","99,60","99,60","0,03%"
"29.06.2022","99,57","99,57","99,57","99,57","0,08%"
"28.06.2022","99,49","99,49","99,49","99,49","-0,01%"
"27.06.2022","99,50","99,50","99,50","99,50","-0,02%"
"24.06.2022","99,52","99,52","99,52","99,52","0,05%"
"23.06.2022","99,47","99,47","99,47","99,47","0,06%"
"22.06.2022","99,41","99,41","99,41","99,41","0,01%"
"21.06.2022","99,40","99,40","99,40","99,40","0,05%"
"20.06.2022","99,35","99,35","99,35","99,35","-0,01%"
"17.06.2022","99,36","99,36","99,36","99,36","0,03%"
"16.06.2022","99,33","99,33","99,33","99,33","0,03%"
"15.06.2022","99,30","99,30","99,30","99,30","-0,07%"
"14.06.2022","99,37","99,37","99,37","99,37","-0,08%"
"10.06.2022","99,45","99,45","99,45","99,45","0,05%"
"09.06.2022","99,40","99,40","99,40","99,40","-0,05%"
"08.06.2022","99,45","99,45","99,45","99,45","0,06%"
"07.06.2022","99,39","99,39","99,39","99,39","0,12%"
"06.06.2022","99,27","99,27","99,27","99,27","0,08%"
"03.06.2022","99,19","99,19","99,19","99,19","0,39%"
"02.06.2022","98,80","98,80","98,80","98,80","0,08%"
"01.06.2022","98,72","98,72","98,72","98,72","0,12%"
"31.05.2022","98,60","98,60","98,60","98,60","0,05%"
"30.05.2022","98,55","98,55","98,55","98,55","-0,35%"
"27.05.2022","98,90","98,90","98,90","98,90","0,50%"
"26.05.2022","98,41","98,41","98,41","98,41","0,05%"
"25.05.2022","98,36","98,36","98,36","98,36","0,37%"
"24.05.2022","98,00","98,00","98,00","98,00","0,00%"
"23.05.2022","98,00","98,00","98,00","98,00","0,13%"
"20.05.2022","97,87","97,87","97,87","97,87","-0,03%"
"19.05.2022","97,90","97,90","97,90","97,90","-0,05%"
"18.05.2022","97,95","97,95","97,95","97,95","-0,03%"
"17.05.2022","97,98","97,98","97,98","97,98","0,33%"
"16.05.2022","97,66","97,66","97,66","97,66","-0,16%"
"13.05.2022","97,82","97,82","97,82","97,82","-0,01%"
"12.05.2022","97,83","97,83","97,83","97,83","-0,14%"
"11.05.2022","97,97","97,97","97,97","97,97","0,00%"
"06.05.2022","97,97","97,97","97,97","97,97","-0,01%"
"05.05.2022","97,98","97,98","97,98","97,98","0,54%"
"04.05.2022","97,45","97,45","97,45","97,45","-0,79%"
"29.04.2022","98,23","98,23","98,23","98,23","0,39%"
"28.04.2022","97,85","97,85","97,85","97,85","0,00%"
"27.04.2022","97,85","97,85","97,85","97,85","-0,13%"
"26.04.2022","97,98","97,98","97,98","97,98","0,83%"
"25.04.2022","97,17","97,17","97,17","97,17","0,01%"
"22.04.2022","97,16","97,16","97,16","97,16","0,26%"
"21.04.2022","96,91","96,91","96,91","96,91","-0,20%"
"20.04.2022","97,10","97,10","97,10","97,10","0,21%"
"19.04.2022","96,90","96,90","96,90","96,90","-0,12%"
"18.04.2022","97,02","97,02","97,02","97,02","-0,10%"
"15.04.2022","97,12","97,12","97,12","97,12","0,60%"
"14.04.2022","96,54","96,54","96,54","96,54","0,02%"
"13.04.2022","96,52","96,52","96,52","96,52","0,26%"
"12.04.2022","96,27","96,27","96,27","96,27","-0,03%"
"11.04.2022","96,30","96,30","96,30","96,30","-0,08%"
"08.04.2022","96,38","96,38","96,38","96,38","0,51%"
"07.04.2022","95,89","95,89","95,89","95,89","-0,21%"
"06.04.2022","96,09","96,09","96,09","96,09","0,30%"
"05.04.2022","95,80","95,80","95,80","95,80","0,00%"
"04.04.2022","95,80","95,80","95,80","95,80","-0,96%"
"01.04.2022","96,73","96,73","96,73","96,73","0,87%"
"31.03.2022","95,90","95,90","95,90","95,90","0,62%"
"30.03.2022","95,31","95,31","95,31","95,31","0,36%"
"29.03.2022","94,97","94,97","94,97","94,97","0,00%"
"28.03.2022","94,97","94,97","94,97","94,97","19,02%"
"25.03.2022","79,79","79,79","79,79","79,79","0,00%"
"24.03.2022","79,79","79,79","79,79","79,79","0,00%"
"23.03.2022","79,79","79,79","79,79","79,79","0,00%"
"22.03.2022","79,79","79,79","79,79","79,79","0,00%"
"21.03.2022","79,79","79,79","79,79","79,79","0,00%"
"18.03.2022","79,79","79,79","79,79","79,79","0,00%"
"17.03.2022","79,79","79,79","79,79","79,79","2,57%"
"16.03.2022","77,79","77,79","77,79","77,79","0,00%"
"15.03.2022","77,79","77,79","77,79","77,79","0,00%"
"14.03.2022","77,79","77,79","77,79","77,79","0,00%"
"11.03.2022","77,79","77,79","77,79","77,79","-7,61%"
"10.03.2022","84,20","84,20","84,20","84,20","0,00%"
"09.03.2022","84,20","84,20","84,20","84,20","0,00%"
"04.03.2022","84,20","84,20","84,20","84,20","0,00%"
"03.03.2022","84,20","84,20","84,20","84,20","0,00%"
"02.03.2022","84,20","84,20","84,20","84,20","-4,82%"
"01.03.2022","88,46","88,46","88,46","88,46","0,00%"
"28.02.2022","88,46","88,46","88,46","88,46","-8,32%"
"25.02.2022","96,49","96,49","96,49","96,49","1,59%"
"24.02.2022","94,98","94,98","94,98","94,98","-2,76%"
"22.02.2022","97,68","97,68","97,68","97,68","-0,57%"
"21.02.2022","98,24","98,24","98,24","98,24","-0,56%"
"18.02.2022","98,79","98,79","98,79","98,79","-0,07%"
"17.02.2022","98,86","98,86","98,86","98,86","0,04%"
"16.02.2022","98,82","98,82","98,82","98,82","0,02%"
"15.02.2022","98,80","98,80","98,80","98,80","-0,09%"
"14.02.2022","98,89","98,89","98,89","98,89","0,18%"
"11.02.2022","98,71","98,71","98,71","98,71","-0,13%"
"10.02.2022","98,84","98,84","98,84","98,84","0,03%"
"09.02.2022","98,81","98,81","98,81","98,81","-0,04%"
"08.02.2022","98,85","98,85","98,85","98,85","0,11%"
"07.02.2022","98,74","98,74","98,74","98,74","-0,12%"
"04.02.2022","98,86","98,86","98,86","98,86","0,14%"
"03.02.2022","98,72","98,72","98,72","98,72","-0,06%"
"02.02.2022","98,78","98,78","98,78","98,78","-0,10%"
"01.02.2022","98,88","98,88","98,88","98,88","0,02%"
"31.01.2022","98,86","98,86","98,86","98,86","0,25%"
"28.01.2022","98,61","98,61","98,61","98,61","-0,03%"
"27.01.2022","98,64","98,64","98,64","98,64","0,13%"
"26.01.2022","98,51","98,51","98,51","98,51","-0,09%"
"25.01.2022","98,60","98,60","98,60","98,60","0,10%"
"24.01.2022","98,50","98,50","98,50","98,50","-0,15%"
"21.01.2022","98,65","98,65","98,65","98,65","0,09%"
"20.01.2022","98,56","98,56","98,56","98,56","-0,20%"
"19.01.2022","98,76","98,76","98,76","98,76","-0,06%"
"18.01.2022","98,82","98,82","98,82","98,82","-0,27%"
"17.01.2022","99,09","99,09","99,09","99,09","0,17%"
"14.01.2022","98,92","98,92","98,92","98,92","-0,30%"
"13.01.2022","99,22","99,22","99,22","99,22","-0,22%"
"12.01.2022","99,44","99,44","99,44","99,44","-0,26%"
"11.01.2022","99,70","99,70","99,70","99,70","-0,29%"
"10.01.2022","99,99","99,99","99,99","99,99","0,38%"
"07.01.2022","99,61","99,61","99,61","99,61","-0,03%"
"06.01.2022","99,64","99,64","99,64","99,64","-0,41%"
"05.01.2022","100,05","100,05","100,05","100,05","0,37%"
"04.01.2022","99,68","99,68","99,68","99,68","-0,01%"
"03.01.2022","99,69","99,69","99,69","99,69","-0,22%"
"30.12.2021","99,91","99,91","99,91","99,91","0,24%"
"29.12.2021","99,67","99,67","99,67","99,67","0,21%"
"28.12.2021","99,46","99,46","99,46","99,46","0,02%"
"27.12.2021","99,44","99,44","99,44","99,44","0,00%"
"24.12.2021","99,44","99,44","99,44","99,44","0,04%"
"23.12.2021","99,40","99,40","99,40","99,40","0,01%"
"22.12.2021","99,39","99,39","99,39","99,39","0,00%"
"21.12.2021","99,39","99,39","99,39","99,39","0,25%"
"20.12.2021","99,14","99,14","99,14","99,14","0,15%"
"17.12.2021","98,99","98,99","98,99","98,99","0,09%"
"16.12.2021","98,90","98,90","98,90","98,90","-0,11%"
"15.12.2021","99,01","99,01","99,01","99,01","0,33%"
"14.12.2021","98,68","98,68","98,68","98,68","-0,32%"
"13.12.2021","99,00","99,00","99,00","99,00","-0,42%"
"10.12.2021","99,42","99,42","99,42","99,42","0,01%"
"09.12.2021","99,41","99,41","99,41","99,41","0,06%"
"08.12.2021","99,35","99,35","99,35","99,35","0,02%"
"07.12.2021","99,33","99,33","99,33","99,33","-0,03%"
"06.12.2021","99,36","99,36","99,36","99,36","-0,08%"
"03.12.2021","99,44","99,44","99,44","99,44","0,04%"
"02.12.2021","99,40","99,40","99,40","99,40","0,29%"
"01.12.2021","99,11","99,11","99,11","99,11","-0,11%"
"30.11.2021","99,22","99,22","99,22","99,22","0,00%"
"29.11.2021","99,22","99,22","99,22","99,22","0,09%"
"26.11.2021","99,13","99,13","99,13","99,13","-0,20%"
"25.11.2021","99,33","99,33","99,33","99,33","0,35%"
"24.11.2021","98,98","98,98","98,98","98,98","0,01%"
"23.11.2021","98,97","98,97","98,97","98,97","-0,02%"
"22.11.2021","98,99","98,99","98,99","98,99","-0,08%"
"19.11.2021","99,07","99,07","99,07","99,07","-0,37%"
"18.11.2021","99,44","99,44","99,44","99,44","0,12%"
"17.11.2021","99,32","99,32","99,32","99,32","-0,08%"
"16.11.2021","99,40","99,40","99,40","99,40","-0,02%"
"15.11.2021","99,42","99,42","99,42","99,42","-0,05%"
"12.11.2021","99,47","99,47","99,47","99,47","0,13%"
"11.11.2021","99,34","99,34","99,34","99,34","-0,06%"
"10.11.2021","99,40","99,40","99,40","99,40","-0,12%"
"09.11.2021","99,52","99,52","99,52","99,52","0,03%"
"08.11.2021","99,49","99,49","99,49","99,49","0,20%"
"05.11.2021","99,29","99,29","99,29","99,29","-0,03%"
"03.11.2021","99,32","99,32","99,32","99,32","0,03%"
"02.11.2021","99,29","99,29","99,29","99,29","-0,06%"
"01.11.2021","99,35","99,35","99,35","99,35","-0,13%"
"29.10.2021","99,48","99,48","99,48","99,48","-0,10%"
"28.10.2021","99,58","99,58","99,58","99,58","-0,14%"
"27.10.2021","99,72","99,72","99,72","99,72","0,06%"
"26.10.2021","99,66","99,66","99,66","99,66","-0,14%"
"25.10.2021","99,80","99,80","99,80","99,80","-0,10%"
"22.10.2021","99,90","99,90","99,90","99,90","-0,08%"
"21.10.2021","99,98","99,98","99,98","99,98","0,00%"
"20.10.2021","99,98","99,98","99,98","99,98","-0,03%"
"19.10.2021","100,01","100,01","100,01","100,01","0,09%"
"18.10.2021","99,92","99,92","99,92","99,92","-0,05%"
"15.10.2021","99,97","99,97","99,97","99,97","0,01%"
"14.10.2021","99,96","99,96","99,96","99,96","-0,10%"
"13.10.2021","100,06","100,06","100,06","100,06","-0,04%"
"12.10.2021","100,10","100,10","100,10","100,10","0,15%"
"11.10.2021","99,95","99,95","99,95","99,95","-0,20%"
"08.10.2021","100,15","100,15","100,15","100,15","0,10%"
"07.10.2021","100,05","100,05","100,05","100,05","0,01%"
"06.10.2021","100,04","100,04","100,04","100,04","0,06%"
"05.10.2021","99,98","99,98","99,98","99,98","-0,13%"
"04.10.2021","100,11","100,11","100,11","100,11","-0,02%"
"01.10.2021","100,13","100,13","100,13","100,13","0,15%"
"30.09.2021","99,98","99,98","99,98","99,98","-0,07%"
"29.09.2021","100,05","100,05","100,05","100,05","-0,03%"
"28.09.2021","100,08","100,08","100,08","100,08","0,03%"
"27.09.2021","100,05","100,05","100,05","100,05","-0,05%"
"24.09.2021","100,10","100,10","100,10","100,10","0,07%"
"23.09.2021","100,03","100,03","100,03","100,03","-0,22%"
"22.09.2021","100,25","100,25","100,25","100,25","-0,03%"
"21.09.2021","100,28","100,28","100,28","100,28","-0,10%"
"20.09.2021","100,38","100,38","100,38","100,38","0,02%"
"17.09.2021","100,36","100,36","100,36","100,36","0,02%"
"16.09.2021","100,34","100,34","100,34","100,34","0,06%"
"15.09.2021","100,28","100,28","100,28","100,28","-0,26%"
"14.09.2021","100,54","100,54","100,54","100,54","0,08%"
"13.09.2021","100,46","100,46","100,46","100,46","0,21%"
"10.09.2021","100,25","100,25","100,25","100,25","-0,17%"
"09.09.2021","100,42","100,42","100,42","100,42","-0,01%"
"08.09.2021","100,43","100,43","100,43","100,43","0,00%"
"07.09.2021","100,43","100,43","100,43","100,43","-0,07%"
"06.09.2021","100,50","100,50","100,50","100,50","-0,05%"
"03.09.2021","100,55","100,55","100,55","100,55","0,08%"
"02.09.2021","100,47","100,47","100,47","100,47","-0,20%"
"01.09.2021","100,67","100,67","100,67","100,67","0,07%"
"31.08.2021","100,60","100,60","100,60","100,60","0,02%"
"30.08.2021","100,58","100,58","100,58","100,58","0,01%"
"27.08.2021","100,57","100,57","100,57","100,57","0,01%"
"26.08.2021","100,56","100,56","100,56","100,56","-0,06%"
"25.08.2021","100,62","100,62","100,62","100,62","-0,02%"
"24.08.2021","100,64","100,64","100,64","100,64","-0,05%"
"23.08.2021","100,69","100,69","100,69","100,69","0,14%"
"20.08.2021","100,55","100,55","100,55","100,55","0,08%"
"19.08.2021","100,47","100,47","100,47","100,47","-0,03%"
"18.08.2021","100,50","100,50","100,50","100,50","-0,02%"
"17.08.2021","100,52","100,52","100,52","100,52","-0,07%"
"16.08.2021","100,59","100,59","100,59","100,59","0,04%"
"13.08.2021","100,55","100,55","100,55","100,55","-0,10%"
"12.08.2021","100,65","100,65","100,65","100,65","-0,09%"
"11.08.2021","100,74","100,74","100,74","100,74","0,07%"
"10.08.2021","100,67","100,67","100,67","100,67","-0,01%"
"09.08.2021","100,68","100,68","100,68","100,68","-0,02%"
"06.08.2021","100,70","100,70","100,70","100,70","0,04%"
"05.08.2021","100,66","100,66","100,66","100,66","0,03%"
"04.08.2021","100,63","100,63","100,63","100,63","-0,18%"
"03.08.2021","100,81","100,81","100,81","100,81","-0,06%"
"02.08.2021","100,87","100,87","100,87","100,87","-0,06%"
"30.07.2021","100,93","100,93","100,93","100,93","0,13%"
"29.07.2021","100,80","100,80","100,80","100,80","-0,14%"
"28.07.2021","100,94","100,94","100,94","100,94","0,38%"
"27.07.2021","100,56","100,56","100,56","100,56","-0,24%"
"26.07.2021","100,80","100,80","100,80","100,80","0,03%"
"23.07.2021","100,77","100,77","100,77","100,77","-0,10%"
"22.07.2021","100,87","100,87","100,87","100,87","0,06%"
"21.07.2021","100,81","100,81","100,81","100,81","0,16%"
"20.07.2021","100,65","100,65","100,65","100,65","0,03%"
"19.07.2021","100,62","100,62","100,62","100,62","-0,06%"
"16.07.2021","100,68","100,68","100,68","100,68","-0,01%"
"15.07.2021","100,69","100,69","100,69","100,69","-0,04%"
"14.07.2021","100,73","100,73","100,73","100,73","0,12%"
"13.07.2021","100,61","100,61","100,61","100,61","0,06%"
"12.07.2021","100,55","100,55","100,55","100,55","-0,27%"
"09.07.2021","100,82","100,82","100,82","100,82","0,00%"
"08.07.2021","100,82","100,82","100,82","100,82","-0,11%"
"07.07.2021","100,93","100,93","100,93","100,93","-0,01%"
"06.07.2021","100,94","100,94","100,94","100,94","0,08%"
"05.07.2021","100,86","100,86","100,86","100,86","-0,03%"
"02.07.2021","100,89","100,89","100,89","100,89","-0,11%"
"01.07.2021","101,00","101,00","101,00","101,00","0,10%"
"30.06.2021","100,90","100,90","100,90","100,90","-0,18%"
"29.06.2021","101,08","101,08","101,08","101,08","-0,05%"
"28.06.2021","101,13","101,13","101,13","101,13","-0,08%"
"25.06.2021","101,21","101,21","101,21","101,21","0,02%"
"24.06.2021","101,19","101,19","101,19","101,19","-0,05%"
"23.06.2021","101,24","101,24","101,24","101,24","0,08%"
"22.06.2021","101,16","101,16","101,16","101,16","0,32%"
"21.06.2021","100,84","100,84","100,84","100,84","-0,04%"
"18.06.2021","100,88","100,88","100,88","100,88","-0,30%"
"17.06.2021","101,18","101,18","101,18","101,18","-0,06%"
"16.06.2021","101,24","101,24","101,24","101,24","0,01%"
"15.06.2021","101,23","101,23","101,23","101,23","-0,16%"
"14.06.2021","101,39","101,39","101,39","101,39","0,37%"
"11.06.2021","101,02","101,02","101,02","101,02","-0,31%"
"10.06.2021","101,33","101,33","101,33","101,33","-0,17%"
"09.06.2021","101,50","101,50","101,50","101,50","-0,04%"
"08.06.2021","101,54","101,54","101,54","101,54","0,19%"
"07.06.2021","101,35","101,35","101,35","101,35","-0,35%"
"04.06.2021","101,71","101,71","101,71","101,71","0,02%"
"03.06.2021","101,69","101,69","101,69","101,69","0,08%"
"02.06.2021","101,61","101,61","101,61","101,61","0,00%"
"01.06.2021","101,61","101,61","101,61","101,61","0,21%"
"31.05.2021","101,40","101,40","101,40","101,40","-0,32%"
"28.05.2021","101,73","101,73","101,73","101,73","0,02%"
"27.05.2021","101,71","101,71","101,71","101,71","-0,09%"
"26.05.2021","101,80","101,80","101,80","101,80","-0,18%"
"25.05.2021","101,98","101,98","101,98","101,98","0,10%"
"24.05.2021","101,88","101,88","101,88","101,88","0,11%"
"21.05.2021","101,77","101,77","101,77","101,77","-0,15%"
"20.05.2021","101,92","101,92","101,92","101,92","0,08%"
"19.05.2021","101,84","101,84","101,84","101,84","-0,02%"
"18.05.2021","101,86","101,86","101,86","101,86","-0,12%"
"17.05.2021","101,98","101,98","101,98","101,98","-0,04%"
"14.05.2021","102,02","102,02","102,02","102,02","0,23%"
"13.05.2021","101,79","101,79","101,79","101,79","-0,35%"
"12.05.2021","102,15","102,15","102,15","102,15","-0,03%"
"11.05.2021","102,18","102,18","102,18","102,18","0,01%"
"10.05.2021","102,17","102,17","102,17","102,17","-0,02%"
"07.05.2021","102,19","102,19","102,19","102,19","0,00%"
"06.05.2021","102,19","102,19","102,19","102,19","-0,13%"
"05.05.2021","102,32","102,32","102,32","102,32","0,10%"
"04.05.2021","102,22","102,22","102,22","102,22","0,04%"
"30.04.2021","102,18","102,18","102,18","102,18","0,11%"
"29.04.2021","102,07","102,07","102,07","102,07","-0,03%"
"28.04.2021","102,10","102,10","102,10","102,10","0,38%"
"27.04.2021","101,71","101,71","101,71","101,71","-0,49%"
"26.04.2021","102,21","102,21","102,21","102,21","0,19%"
"23.04.2021","102,02","102,02","102,02","102,02","-0,15%"
"22.04.2021","102,17","102,17","102,17","102,17","-0,04%"
"21.04.2021","102,21","102,21","102,21","102,21","-0,17%"
"20.04.2021","102,38","102,38","102,38","102,38","-0,04%"
"19.04.2021","102,42","102,42","102,42","102,42","-0,07%"
"16.04.2021","102,49","102,49","102,49","102,49","0,14%"
"15.04.2021","102,35","102,35","102,35","102,35","0,08%"
"14.04.2021","102,27","102,27","102,27","102,27","0,18%"
"13.04.2021","102,09","102,09","102,09","102,09","0,06%"
"12.04.2021","102,03","102,03","102,03","102,03","-0,05%"
"09.04.2021","102,08","102,08","102,08","102,08","-0,40%"
"08.04.2021","102,49","102,49","102,49","102,49","0,36%"
"07.04.2021","102,12","102,12","102,12","102,12","-0,16%"
"06.04.2021","102,28","102,28","102,28","102,28","-0,22%"
"05.04.2021","102,51","102,51","102,51","102,51","-0,63%"
"02.04.2021","103,16","103,16","103,16","103,16","-0,30%"
"01.04.2021","103,47","103,47","103,47","103,47","1,52%"
"31.03.2021","101,92","101,92","101,92","101,92","0,00%"
"30.03.2021","101,92","101,92","101,92","101,92","-0,22%"
"29.03.2021","102,14","102,14","102,14","102,14","-1,49%"
"26.03.2021","103,69","103,69","103,69","103,69","0,97%"
"25.03.2021","102,69","102,69","102,69","102,69","0,43%"
"24.03.2021","102,25","102,25","102,25","102,25","-0,30%"
"23.03.2021","102,56","102,56","102,56","102,56","-0,28%"
"22.03.2021","102,85","102,85","102,85","102,85","0,45%"
"19.03.2021","102,39","102,39","102,39","102,39","-0,53%"
"18.03.2021","102,94","102,94","102,94","102,94","-0,53%"
"17.03.2021","103,49","103,49","103,49","103,49","0,39%"
"16.03.2021","103,09","103,09","103,09","103,09","1,06%"
"15.03.2021","102,01","102,01","102,01","102,01","-0,43%"
"12.03.2021","102,45","102,45","102,45","102,45","-0,78%"
"11.03.2021","103,26","103,26","103,26","103,26","-0,15%"
"10.03.2021","103,42","103,42","103,42","103,42","-0,04%"
"09.03.2021","103,46","103,46","103,46","103,46","0,19%"
"05.03.2021","103,26","103,26","103,26","103,26","0,36%"
"04.03.2021","102,89","102,89","102,89","102,89","-0,32%"
"03.03.2021","103,22","103,22","103,22","103,22","0,43%"
"02.03.2021","102,78","102,78","102,78","102,78","-0,26%"
"01.03.2021","103,05","103,05","103,05","103,05","-0,10%"
"26.02.2021","103,15","103,15","103,15","103,15","-0,05%"
"25.02.2021","103,20","103,20","103,20","103,20","0,41%"
"24.02.2021","102,78","102,78","102,78","102,78","-0,03%"
"22.02.2021","102,81","102,81","102,81","102,81","-0,46%"
"19.02.2021","103,28","103,28","103,28","103,28","0,22%"
"18.02.2021","103,05","103,05","103,05","103,05","-0,54%"
"17.02.2021","103,61","103,61","103,61","103,61","0,02%"
"16.02.2021","103,59","103,59","103,59","103,59","-0,18%"
"15.02.2021","103,78","103,78","103,78","103,78","-0,18%"
"12.02.2021","103,97","103,97","103,97","103,97","-0,12%"
"11.02.2021","104,10","104,10","104,10","104,10","-0,26%"
"10.02.2021","104,37","104,37","104,37","104,37","0,05%"
"09.02.2021","104,32","104,32","104,32","104,32","-0,07%"
"08.02.2021","104,39","104,39","104,39","104,39","0,36%"
"05.02.2021","104,02","104,02","104,02","104,02","-0,03%"
"04.02.2021","104,05","104,05","104,05","104,05","0,13%"
"03.02.2021","103,92","103,92","103,92","103,92","0,02%"
"02.02.2021","103,90","103,90","103,90","103,90","-0,17%"
"01.02.2021","104,08","104,08","104,08","104,08","0,98%"
"29.01.2021","103,07","103,07","103,07","103,07","-0,05%"
"28.01.2021","103,12","103,12","103,12","103,12","-0,05%"
"27.01.2021","103,17","103,17","103,17","103,17","-0,81%"
"26.01.2021","104,01","104,01","104,01","104,01","0,24%"
"25.01.2021","103,76","103,76","103,76","103,76","-0,04%"
"22.01.2021","103,80","103,80","103,80","103,80","-0,04%"
"21.01.2021","103,84","103,84","103,84","103,84","-0,12%"
"20.01.2021","103,96","103,96","103,96","103,96","0,07%"
"19.01.2021","103,89","103,89","103,89","103,89","-0,01%"
"18.01.2021","103,90","103,90","103,90","103,90","0,01%"
"15.01.2021","103,89","103,89","103,89","103,89","-0,05%"
"14.01.2021","103,94","103,94","103,94","103,94","-0,03%"
"13.01.2021","103,97","103,97","103,97","103,97","0,02%"
"12.01.2021","103,95","103,95","103,95","103,95","-0,04%"
"11.01.2021","103,99","103,99","103,99","103,99","-0,42%"
"08.01.2021","104,43","104,43","104,43","104,43","0,06%"
"06.01.2021","104,37","104,37","104,37","104,37","0,16%"
"05.01.2021","104,20","104,20","104,20","104,20","0,07%"
"04.01.2021","104,13","104,13","104,13","104,13","-0,25%"
"30.12.2020","104,39","104,39","104,39","104,39","0,36%"
"29.12.2020","104,02","104,02","104,02","104,02","-0,05%"
"28.12.2020","104,07","104,07","104,07","104,07","-0,50%"
"25.12.2020","104,59","104,59","104,59","104,59","0,18%"
"24.12.2020","104,40","104,40","104,40","104,40","-0,08%"
"23.12.2020","104,48","104,48","104,48","104,48","0,05%"
"22.12.2020","104,43","104,43","104,43","104,43","0,05%"
"21.12.2020","104,38","104,38","104,38","104,38","0,20%"
"18.12.2020","104,17","104,17","104,17","104,17","0,08%"
"17.12.2020","104,09","104,09","104,09","104,09","0,00%"
"16.12.2020","104,09","104,09","104,09","104,09","-0,08%"
"15.12.2020","104,17","104,17","104,17","104,17","-0,15%"
"14.12.2020","104,33","104,33","104,33","104,33","0,00%"
"11.12.2020","104,33","104,33","104,33","104,33","0,19%"
"10.12.2020","104,13","104,13","104,13","104,13","-0,27%"
"09.12.2020","104,41","104,41","104,41","104,41","1,12%"
"08.12.2020","103,25","103,25","103,25","103,25","-0,10%"
"07.12.2020","103,35","103,35","103,35","103,35","0,00%"
"04.12.2020","103,35","103,35","103,35","103,35","-0,86%"
"03.12.2020","104,25","104,25","104,25","104,25","-0,05%"
"02.12.2020","104,30","104,30","104,30","104,30","-0,14%"
"01.12.2020","104,45","104,45","104,45","104,45","0,05%"
"30.11.2020","104,40","104,40","104,40","104,40","-0,09%"
"27.11.2020","104,49","104,49","104,49","104,49","-0,09%"
"26.11.2020","104,58","104,58","104,58","104,58","-0,01%"
"25.11.2020","104,59","104,59","104,59","104,59","0,08%"
"24.11.2020","104,51","104,51","104,51","104,51","-0,04%"
"23.11.2020","104,55","104,55","104,55","104,55","0,00%"
"20.11.2020","104,55","104,55","104,55","104,55","0,03%"
"19.11.2020","104,52","104,52","104,52","104,52","0,02%"
"18.11.2020","104,50","104,50","104,50","104,50","-0,22%"
"17.11.2020","104,73","104,73","104,73","104,73","-0,02%"
"16.11.2020","104,75","104,75","104,75","104,75","0,24%"
"13.11.2020","104,50","104,50","104,50","104,50","0,07%"
"12.11.2020","104,43","104,43","104,43","104,43","-0,27%"
"11.11.2020","104,71","104,71","104,71","104,71","0,52%"
"10.11.2020","104,17","104,17","104,17","104,17","-0,52%"
"09.11.2020","104,71","104,71","104,71","104,71","-0,27%"
"06.11.2020","104,99","104,99","104,99","104,99","0,05%"
"05.11.2020","104,94","104,94","104,94","104,94","0,28%"
"03.11.2020","104,65","104,65","104,65","104,65","0,02%"
"02.11.2020","104,63","104,63","104,63","104,63","0,16%"
"30.10.2020","104,46","104,46","104,46","104,46","-0,26%"
"29.10.2020","104,73","104,73","104,73","104,73","-0,12%"
"28.10.2020","104,86","104,86","104,86","104,86","0,22%"
"27.10.2020","104,63","104,63","104,63","104,63","0,01%"
"26.10.2020","104,62","104,62","104,62","104,62","-0,21%"
"23.10.2020","104,84","104,84","104,84","104,84","-0,12%"
"22.10.2020","104,97","104,97","104,97","104,97","-0,05%"
"21.10.2020","105,02","105,02","105,02","105,02","0,13%"
"20.10.2020","104,88","104,88","104,88","104,88","0,10%"
"19.10.2020","104,77","104,77","104,77","104,77","0,05%"
"16.10.2020","104,72","104,72","104,72","104,72","-0,23%"
"15.10.2020","104,96","104,96","104,96","104,96","0,36%"
"14.10.2020","104,58","104,58","104,58","104,58","-0,11%"
"13.10.2020","104,70","104,70","104,70","104,70","1,49%"
"12.10.2020","103,16","103,16","103,16","103,16","-1,86%"
"09.10.2020","105,12","105,12","105,12","105,12","0,08%"
"08.10.2020","105,04","105,04","105,04","105,04","0,41%"
"07.10.2020","104,61","104,61","104,61","104,61","-0,44%"
"06.10.2020","105,07","105,07","105,07","105,07","0,52%"
"05.10.2020","104,53","104,53","104,53","104,53","-0,31%"
"02.10.2020","104,86","104,86","104,86","104,86","0,25%"
"01.10.2020","104,60","104,60","104,60","104,60","-0,77%"
"30.09.2020","105,41","105,41","105,41","105,41","-0,01%"
"29.09.2020","105,42","105,42","105,42","105,42","0,65%"
"28.09.2020","104,74","104,74","104,74","104,74","-0,05%"
"25.09.2020","104,79","104,79","104,79","104,79","0,23%"
"24.09.2020","104,55","104,55","104,55","104,55","-0,23%"
"23.09.2020","104,79","104,79","104,79","104,79","-0,06%"
"22.09.2020","104,85","104,85","104,85","104,85","-0,05%"
"21.09.2020","104,90","104,90","104,90","104,90","-0,11%"
"18.09.2020","105,02","105,02","105,02","105,02","0,05%"
"17.09.2020","104,97","104,97","104,97","104,97","0,32%"
"16.09.2020","104,64","104,64","104,64","104,64","-0,30%"
"15.09.2020","104,95","104,95","104,95","104,95","0,07%"
"14.09.2020","104,88","104,88","104,88","104,88","0,23%"
"11.09.2020","104,64","104,64","104,64","104,64","0,04%"
"10.09.2020","104,60","104,60","104,60","104,60","-0,06%"
"09.09.2020","104,66","104,66","104,66","104,66","-0,36%"
"08.09.2020","105,04","105,04","105,04","105,04","-0,06%"
"07.09.2020","105,10","105,10","105,10","105,10","-0,08%"
"04.09.2020","105,18","105,18","105,18","105,18","0,25%"
"03.09.2020","104,92","104,92","104,92","104,92","0,56%"
"02.09.2020","104,34","104,34","104,34","104,34","-0,63%"
"01.09.2020","105,00","105,00","105,00","105,00","0,61%"
"31.08.2020","104,36","104,36","104,36","104,36","-0,42%"
"28.08.2020","104,80","104,80","104,80","104,80","-0,10%"
"27.08.2020","104,91","104,91","104,91","104,91","-0,10%"
"26.08.2020","105,01","105,01","105,01","105,01","-0,33%"
"25.08.2020","105,36","105,36","105,36","105,36","0,20%"
"24.08.2020","105,15","105,15","105,15","105,15","0,09%"
"21.08.2020","105,06","105,06","105,06","105,06","0,61%"
"20.08.2020","104,42","104,42","104,42","104,42","-0,46%"
"19.08.2020","104,90","104,90","104,90","104,90","0,06%"
"18.08.2020","104,84","104,84","104,84","104,84","0,57%"
"17.08.2020","104,25","104,25","104,25","104,25","0,65%"
"14.08.2020","103,58","103,58","103,58","103,58","-0,09%"
"13.08.2020","103,67","103,67","103,67","103,67","-0,03%"
"12.08.2020","103,70","103,70","103,70","103,70","-0,75%"
"11.08.2020","104,48","104,48","104,48","104,48","-0,23%"
"10.08.2020","104,72","104,72","104,72","104,72","-0,41%"
"07.08.2020","105,15","105,15","105,15","105,15","-0,10%"
"06.08.2020","105,25","105,25","105,25","105,25","0,06%"
"05.08.2020","105,19","105,19","105,19","105,19","0,01%"
"04.08.2020","105,18","105,18","105,18","105,18","0,92%"
"03.08.2020","104,22","104,22","104,22","104,22","-0,12%"
"31.07.2020","104,35","104,35","104,35","104,35","-0,74%"
"30.07.2020","105,13","105,13","105,13","105,13","0,94%"
"29.07.2020","104,15","104,15","104,15","104,15","-0,65%"
"28.07.2020","104,83","104,83","104,83","104,83","-0,05%"
"27.07.2020","104,88","104,88","104,88","104,88","0,01%"
"24.07.2020","104,87","104,87","104,87","104,87","-0,01%"
"23.07.2020","104,88","104,88","104,88","104,88","0,10%"
"22.07.2020","104,78","104,78","104,78","104,78","-0,02%"
"21.07.2020","104,80","104,80","104,80","104,80","0,11%"
"20.07.2020","104,68","104,68","104,68","104,68","-0,02%"
"17.07.2020","104,70","104,70","104,70","104,70","0,05%"
"16.07.2020","104,65","104,65","104,65","104,65","0,52%"
"15.07.2020","104,11","104,11","104,11","104,11","-0,33%"
"14.07.2020","104,45","104,45","104,45","104,45","-0,06%"
"13.07.2020","104,51","104,51","104,51","104,51","-0,12%"
"10.07.2020","104,64","104,64","104,64","104,64","0,03%"
"09.07.2020","104,61","104,61","104,61","104,61","0,04%"
"08.07.2020","104,57","104,57","104,57","104,57","-0,74%"
"07.07.2020","105,35","105,35","105,35","105,35","0,63%"
"06.07.2020","104,69","104,69","104,69","104,69","-0,19%"
"03.07.2020","104,89","104,89","104,89","104,89","-0,17%"
"02.07.2020","105,07","105,07","105,07","105,07","-0,21%"
"30.06.2020","105,29","105,40","105,40","105,39","-0,16%"
"29.06.2020","105,46","105,51","105,51","105,50","-0,07%"
"26.06.2020","105,53","105,63","105,63","105,51","-0,02%"
"25.06.2020","105,55","104,63","105,60","104,60","-0,26%"
"23.06.2020","105,82","107,61","107,61","104,63","0,28%"
"22.06.2020","105,52","105,99","105,99","105,50","0,40%"
"19.06.2020","105,10","106,00","106,00","105,00","0,55%"
"18.06.2020","104,53","104,98","106,59","104,98","0,04%"
"17.06.2020","104,49","104,98","104,98","104,50","0,06%"
"16.06.2020","104,43","103,50","105,00","103,50","-0,12%"
"15.06.2020","104,56","104,98","107,07","104,59","0,02%"
"11.06.2020","104,54","104,50","104,59","104,50","0,09%"
"10.06.2020","104,45","104,50","104,50","104,50","-0,14%"
"09.06.2020","104,60","105,11","105,11","104,03","0,31%"
"08.06.2020","104,28","104,11","105,14","104,11","0,34%"
"05.06.2020","103,93","104,84","105,28","103,71","0,00%"
"04.06.2020","103,93","104,30","104,88","103,67","-0,31%"
"03.06.2020","104,25","104,50","104,50","104,30","-0,06%"
"02.06.2020","104,31","104,02","104,30","104,02","-0,16%"
"01.06.2020","104,48","104,48","104,48","104,48","0,04%"
"29.05.2020","104,44","104,87","104,87","104,30","0,07%"
"28.05.2020","104,37","104,30","104,30","104,30","0,12%"
"27.05.2020","104,24","104,30","104,30","104,30","-0,29%"
"26.05.2020","104,54","104,47","104,58","104,47","0,42%"
"25.05.2020","104,10","103,56","104,45","103,56","0,12%"
"22.05.2020","103,98","103,99","104,50","103,99","0,10%"
"21.05.2020","103,88","103,43","103,99","103,11","0,05%"
"20.05.2020","103,83","104,38","104,40","104,38","-0,12%"
"19.05.2020","103,95","104,38","104,79","104,38","0,01%"
"18.05.2020","103,94","103,96","104,35","103,12","0,13%"
"15.05.2020","103,80","103,97","104,00","103,97","0,35%"
"14.05.2020","103,44","103,95","104,04","103,01","0,11%"
"13.05.2020","103,33","105,20","105,20","103,00","0,03%"
"12.05.2020","103,30","103,01","105,27","103,00","0,20%"
"08.05.2020","103,09","105,25","105,25","103,02","-1,20%"
"07.05.2020","104,34","103,30","105,25","103,30","-0,01%"
"06.05.2020","104,35","105,29","105,29","105,29","0,52%"
"05.05.2020","103,81","103,20","103,81","103,20","-0,15%"
"04.05.2020","103,97","103,97","103,97","103,97","-0,30%"
"30.04.2020","104,28","105,97","105,97","104,07","0,07%"
"29.04.2020","104,21","105,00","105,00","102,01","0,04%"
"28.04.2020","104,17","104,20","105,00","104,20","0,25%"
"27.04.2020","103,91","104,60","104,60","104,57","-0,13%"
"24.04.2020","104,05","104,00","104,60","104,00","0,46%"
"23.04.2020","103,57","103,98","103,98","103,51","0,47%"
"22.04.2020","103,09","103,95","103,95","103,50","0,28%"
"21.04.2020","102,80","103,99","103,99","102,80","1,39%"
"20.04.2020","101,39","102,70","102,70","101,40","0,21%"
"17.04.2020","101,18","102,69","102,70","102,69","0,69%"
"16.04.2020","100,49","103,99","103,99","101,11","0,53%"
"15.04.2020","99,96","103,93","103,93","100,00","-2,12%"
"14.04.2020","102,12","103,74","103,74","101,10","0,00%"
"13.04.2020","102,12","101,10","102,35","101,10","0,60%"
"10.04.2020","101,51","101,00","102,80","101,00","-0,28%"
"09.04.2020","101,80","102,03","102,90","101,75","-0,21%"
"08.04.2020","102,01","102,50","102,89","102,50","0,22%"
"07.04.2020","101,79","101,80","101,80","101,80","0,99%"
"06.04.2020","100,79","103,00","103,00","100,75","-0,30%"
"03.04.2020","101,09","102,97","102,97","101,25","0,46%"
"02.04.2020","100,63","102,60","102,60","102,00","-0,11%"
"01.04.2020","100,74","103,99","103,99","101,00","-0,65%"
"31.03.2020","101,40","100,00","103,42","100,00","0,48%"
"30.03.2020","100,92","101,00","101,99","97,44","0,94%"
"27.03.2020","99,98","100,93","101,35","100,90","-0,01%"
"26.03.2020","99,99","100,95","100,95","100,93","0,40%"
"25.03.2020","99,59","98,52","101,17","98,52","-2,57%"
"24.03.2020","102,22","100,27","101,17","99,60","0,76%"
"23.03.2020","101,45","100,35","100,35","99,20","-0,06%"
"20.03.2020","101,51","99,97","100,38","98,51","1,15%"
"19.03.2020","100,36","97,00","99,50","97,00","0,64%"
"18.03.2020","99,72","97,00","99,00","97,00","-0,87%"
"17.03.2020","100,60","99,50","99,50","98,50","0,20%"
"16.03.2020","100,40","101,20","101,20","100,00","-0,80%"
"13.03.2020","101,21","100,50","101,50","100,50","0,53%"
"12.03.2020","100,68","102,64","102,64","100,00","-1,59%"
"11.03.2020","102,31","102,20","102,20","102,00","-0,39%"
"10.03.2020","102,71","103,50","103,50","102,00","-1,53%"
"06.03.2020","104,31","104,00","104,00","103,80","-0,44%"
"05.03.2020","104,77","104,59","104,59","104,00","-0,05%"
"04.03.2020","104,82","104,00","104,00","104,00","0,20%"
"03.03.2020","104,61","106,38","106,38","104,30","0,24%"
"02.03.2020","104,36","104,99","105,00","104,30","0,74%"
"28.02.2020","103,59","104,30","104,99","103,32","-0,58%"
"27.02.2020","104,19","106,75","106,75","103,33","-0,09%"
"26.02.2020","104,28","104,95","105,00","104,29","-0,01%"
"25.02.2020","104,29","104,97","104,97","104,30","-0,02%"
"21.02.2020","104,31","104,99","104,99","104,31","0,63%"
"20.02.2020","103,66","105,00","105,00","104,30","0,01%"
"19.02.2020","103,65","106,50","106,50","104,50","0,06%"
"18.02.2020","103,59","105,00","105,00","104,20","-0,01%"
"17.02.2020","103,60","106,50","106,50","104,00","0,01%"
"14.02.2020","103,59","107,40","107,40","106,99","-0,59%"
"13.02.2020","104,21","104,00","105,30","103,55","-0,03%"
"12.02.2020","104,24","104,20","104,20","104,20","0,05%"
"11.02.2020","104,19","104,20","104,50","103,77","-0,07%"
"10.02.2020","104,26","104,20","104,20","104,20","0,04%"
"07.02.2020","104,22","104,20","104,20","104,20","-0,20%"
"06.02.2020","104,43","104,00","104,10","104,00","0,00%"
"05.02.2020","104,43","104,02","104,20","104,00","0,00%"
"04.02.2020","104,43","104,30","104,30","104,30","0,53%"
"03.02.2020","103,88","105,30","105,30","104,00","-0,03%"
"31.01.2020","103,91","104,00","105,24","103,97","-0,06%"
"30.01.2020","103,97","103,90","103,90","103,90","-0,05%"
"29.01.2020","104,02","104,00","104,00","103,90","0,39%"
"28.01.2020","103,62","103,80","104,00","103,80","-0,22%"
"27.01.2020","103,85","103,81","103,81","103,75","-0,05%"
"24.01.2020","103,90","103,01","104,10","103,01","0,05%"
"23.01.2020","103,85","104,40","104,40","104,40","0,00%"
"22.01.2020","103,85","104,75","104,75","104,55","0,05%"
"21.01.2020","103,80","102,81","105,24","102,81","-0,16%"
"20.01.2020","103,97","105,24","105,24","102,82","0,06%"
"17.01.2020","103,91","104,57","104,57","104,57","0,03%"
"16.01.2020","103,88","104,50","104,50","103,75","0,15%"
"15.01.2020","103,72","104,19","104,20","104,19","-0,16%"
"14.01.2020","103,89","105,24","105,24","102,82","0,33%"
"13.01.2020","103,55","102,12","103,79","102,12","-0,09%"
"10.01.2020","103,64","104,86","104,86","104,86","0,11%"
"09.01.2020","103,53","105,24","105,24","102,81","0,06%"
"08.01.2020","103,47","105,00","105,00","105,00","0,65%"
"06.01.2020","102,80","105,00","105,00","105,00","-0,74%"
"03.01.2020","103,57","102,11","103,89","102,11","0,06%"
"30.12.2019","103,51","103,40","103,67","103,40","0,08%"
"27.12.2019","103,43","101,60","103,47","101,60","0,00%"
"26.12.2019","103,43","103,46","103,49","103,46","0,07%"
"25.12.2019","103,36","104,60","104,60","103,45","0,05%"
"24.12.2019","103,31","104,50","104,65","104,45","0,03%"
"23.12.2019","103,28","103,40","103,45","103,40","0,04%"
"20.12.2019","103,24","103,45","103,45","103,39","0,50%"
"19.12.2019","102,73","104,15","104,15","103,70","-0,08%"
"18.12.2019","102,81","103,00","103,99","103,00","-0,01%"
"17.12.2019","102,82","103,98","103,99","102,55","-0,08%"
"16.12.2019","102,90","103,80","103,80","102,62","0,22%"
"13.12.2019","102,67","103,99","103,99","102,70","-0,18%"
"12.12.2019","102,85","102,80","103,95","102,79","0,13%"
"11.12.2019","102,72","102,98","102,98","102,70","0,09%"
"10.12.2019","102,63","102,80","102,80","102,80","-0,03%"
"09.12.2019","102,66","102,90","102,90","102,80","-0,17%"
"06.12.2019","102,83","102,81","104,00","102,81","-0,01%"
"05.12.2019","102,84","102,70","102,80","102,70","-0,18%"
"04.12.2019","103,03","102,70","103,10","102,70","0,57%"
"03.12.2019","102,45","102,66","103,10","102,65","0,03%"
"02.12.2019","102,42","103,00","103,00","102,50","-0,05%"
"29.11.2019","102,47","102,93","102,93","102,70","0,00%"
"28.11.2019","102,47","102,95","102,98","102,85","-0,05%"
"27.11.2019","102,52","102,92","102,92","102,56","-0,09%"
"26.11.2019","102,61","103,75","103,75","102,70","0,15%"
"25.11.2019","102,46","102,60","102,60","102,45","-0,14%"
"22.11.2019","102,60","102,61","102,61","102,60","0,00%"
"21.11.2019","102,60","102,60","102,60","102,60","0,07%"
"20.11.2019","102,53","102,61","102,61","102,56","-0,14%"
"19.11.2019","102,67","102,65","102,65","102,63","0,14%"
"18.11.2019","102,53","102,53","102,70","102,52","0,00%"
"15.11.2019","102,53","102,68","102,68","102,68","0,16%"
"14.11.2019","102,37","102,61","102,70","102,55","0,11%"
"13.11.2019","102,26","102,70","102,80","102,60","-0,10%"
"12.11.2019","102,36","102,90","102,90","102,90","-0,15%"
"11.11.2019","102,51","102,50","103,00","102,50","-0,09%"
"08.11.2019","102,60","102,72","102,89","102,50","-0,10%"
"07.11.2019","102,70","102,74","102,75","102,65","0,20%"
"06.11.2019","102,50","102,78","102,78","102,50","0,00%"
"05.11.2019","102,50","102,89","102,90","102,50","-0,34%"
"01.11.2019","102,85","103,24","103,24","102,52","0,10%"
"31.10.2019","102,75","103,37","103,37","102,89","0,00%"
"30.10.2019","102,75","102,90","102,90","102,75","-0,05%"
"29.10.2019","102,80","103,88","103,88","102,50","0,28%"
"28.10.2019","102,51","102,70","102,70","102,70","-0,60%"
"25.10.2019","103,13","102,21","102,45","102,21","0,17%"
"24.10.2019","102,95","102,69","102,70","102,50","0,78%"
"23.10.2019","102,15","102,15","102,50","102,15","-0,81%"
"22.10.2019","102,98","102,49","102,49","102,16","0,12%"
"21.10.2019","102,86","102,05","102,50","102,00","0,78%"
"18.10.2019","102,06","102,39","102,39","102,37","0,15%"
"17.10.2019","101,91","102,43","102,43","101,90","-0,51%"
"16.10.2019","102,43","102,48","103,04","102,45","0,38%"
"15.10.2019","102,04","102,05","102,15","101,81","0,05%"
"14.10.2019","101,99","102,20","102,20","101,85","-0,01%"
"11.10.2019","102,00","102,00","102,24","102,00","0,16%"
"10.10.2019","101,84","101,80","102,00","101,80","0,20%"
"09.10.2019","101,64","101,99","101,99","101,65","0,23%"
"08.10.2019","101,41","101,40","101,75","101,40","-0,71%"
"07.10.2019","102,14","102,00","102,00","101,32","0,24%"
"04.10.2019","101,90","101,90","102,50","101,90","0,34%"
"03.10.2019","101,55","101,90","101,90","101,90","-0,01%"
"02.10.2019","101,56","102,00","102,00","101,30","0,00%"
"01.10.2019","101,56","101,51","102,25","101,51","0,04%"
"30.09.2019","101,52","101,55","101,55","101,48","0,08%"
"27.09.2019","101,44","101,55","101,55","101,45","0,03%"
"26.09.2019","101,41","101,42","101,55","101,30","0,12%"
"25.09.2019","101,29","101,30","101,45","101,30","0,05%"
"24.09.2019","101,24","101,42","101,42","101,40","0,41%"
"23.09.2019","100,83","101,50","101,62","101,50","-0,05%"
"20.09.2019","100,88","101,70","101,70","101,40","0,08%"
"19.09.2019","100,80","101,65","101,66","101,65","0,02%"
"18.09.2019","100,78","101,60","101,60","101,57","0,03%"
"17.09.2019","100,75","101,50","101,65","101,50","-0,08%"
"16.09.2019","100,83","102,00","102,00","102,00","0,00%"
"13.09.2019","100,83","101,50","101,50","101,40","0,00%"
"12.09.2019","100,83","120,00","120,00","100,90","0,08%"
"11.09.2019","100,75","101,20","101,50","101,20","-0,05%"
"10.09.2019","100,80","100,90","101,50","100,90","0,02%"
"09.09.2019","100,78","101,30","101,40","101,30","0,01%"
"06.09.2019","100,77","101,30","101,30","101,30","0,01%"
"05.09.2019","100,76","101,00","101,30","101,00","-0,02%"
"04.09.2019","100,78","100,85","101,30","100,75","0,13%"
"03.09.2019","100,65","101,00","101,00","100,60","0,00%"
"02.09.2019","100,65","100,75","100,88","100,65","0,00%"
"30.08.2019","100,65","100,60","100,90","100,60","0,18%"
"29.08.2019","100,47","100,40","100,90","100,40","0,05%"
"28.08.2019","100,42","100,35","100,65","100,35","0,08%"
"27.08.2019","100,34","100,37","100,50","100,37","0,05%"
"26.08.2019","100,29","100,50","100,74","100,35","0,06%"
"23.08.2019","100,23","100,40","100,74","100,30","-0,08%"
"22.08.2019","100,31","100,60","100,60","100,25","0,08%"
"21.08.2019","100,23","100,55","100,55","100,25","-0,21%"
"20.08.2019","100,44","100,35","100,50","100,25","0,13%"
"19.08.2019","100,31","100,55","100,55","100,25","0,05%"
"16.08.2019","100,26","100,22","100,50","100,22","-0,05%"
"15.08.2019","100,31","100,39","100,40","100,06","0,18%"
"14.08.2019","100,13","100,45","100,45","100,25","-0,11%"
"13.08.2019","100,24","101,00","101,00","101,00","-0,04%"
"12.08.2019","100,28","100,45","100,45","100,45","-0,04%"
"09.08.2019","100,32","100,26","100,55","100,26","-0,13%"
"08.08.2019","100,45","100,50","100,50","100,26","0,16%"
"07.08.2019","100,29","100,50","100,50","100,20","-0,03%"
"06.08.2019","100,32","100,92","100,92","100,50","0,03%"
"05.08.2019","100,29","100,69","100,69","100,60","0,20%"
"02.08.2019","100,09","100,70","100,70","100,69","-0,40%"
"01.08.2019","100,49","100,16","100,40","100,15","0,02%"
"31.07.2019","100,47","100,06","101,40","100,06","0,07%"
"30.07.2019","100,40","100,46","101,40","100,46","-0,03%"
"29.07.2019","100,43","100,15","101,29","100,15","0,00%"
"26.07.2019","100,43","100,39","101,40","100,39","-0,23%"
"25.07.2019","100,66","100,39","101,50","100,39","0,21%"
"24.07.2019","100,45","100,41","100,41","100,40","0,00%"
"23.07.2019","100,45","99,85","101,40","99,85","0,24%"
"22.07.2019","100,21","101,50","101,50","101,50","-0,21%"
"19.07.2019","100,42","99,80","101,00","99,80","0,21%"
"18.07.2019","100,21","99,90","100,49","99,90","0,00%"
"17.07.2019","100,21","99,80","100,21","99,80","-0,05%"
"15.07.2019","100,26","100,35","100,35","100,25","0,02%"
"12.07.2019","100,24","100,35","100,36","99,50","-0,01%"
"11.07.2019","100,25","100,25","100,26","100,25","-0,04%"
"10.07.2019","100,29","101,49","101,49","101,49","0,28%"
"09.07.2019","100,01","99,99","100,39","99,99","0,07%"
"08.07.2019","99,94","100,00","100,00","99,90","0,04%"
"05.07.2019","99,90","99,90","100,10","99,90","-0,18%"
"04.07.2019","100,08","100,08","100,08","100,08","0,12%"
"03.07.2019","99,96","100,10","100,10","100,10","-0,04%"
"02.07.2019","100,00","100,10","100,10","100,10","0,00%"
"01.07.2019","100,00","100,00","100,00","100,00","0,03%"
"28.06.2019","99,97","99,90","100,45","99,90","-0,03%"
"27.06.2019","100,00","100,48","100,48","100,48","0,09%"
"26.06.2019","99,91","99,90","100,14","99,90","0,22%"
"25.06.2019","99,69","99,98","99,98","99,70","0,22%"
"24.06.2019","99,47","99,85","99,98","99,85","0,03%"
"21.06.2019","99,44","100,00","100,00","99,52","0,01%"
"20.06.2019","99,43","99,65","100,00","99,65","0,03%"
"19.06.2019","99,40","99,27","99,70","99,27","0,36%"
"18.06.2019","99,04","99,48","99,70","99,30","-0,36%"
"17.06.2019","99,40","99,30","99,50","99,30","0,13%"
"14.06.2019","99,27","99,30","99,45","99,25","0,06%"
"13.06.2019","99,21","99,45","99,45","99,25","-0,04%"
"11.06.2019","99,25","99,25","99,45","99,25","0,00%"
"10.06.2019","99,25","99,45","99,45","99,42","0,05%"
"07.06.2019","99,20","99,45","99,45","99,30","0,15%"
"06.06.2019","99,05","99,30","99,45","98,80","0,11%"
"05.06.2019","98,94","99,30","99,30","98,81","0,09%"
"04.06.2019","98,85","99,10","99,15","99,10","0,11%"
"03.06.2019","98,74","99,15","99,15","99,10","-0,13%"
"31.05.2019","98,87","98,80","99,14","98,80","0,04%"
"30.05.2019","98,83","99,15","99,15","98,81","0,08%"
"29.05.2019","98,75","99,00","99,05","99,00","-0,16%"
"28.05.2019","98,91","99,10","99,10","99,07","-0,02%"
"27.05.2019","98,93","99,00","99,00","98,91","0,03%"
"24.05.2019","98,90","98,90","99,00","98,61","0,30%"
"23.05.2019","98,60","99,00","99,00","98,80","-0,49%"
"22.05.2019","99,09","98,85","99,00","98,85","0,29%"
"21.05.2019","98,80","98,61","98,84","98,60","0,14%"
"20.05.2019","98,66","98,85","98,85","98,55","-0,01%"
"17.05.2019","98,67","98,80","98,80","98,60","0,25%"
"16.05.2019","98,42","98,60","98,60","98,60","-0,01%"
"15.05.2019","98,43","98,50","98,60","98,40","0,25%"
"14.05.2019","98,18","98,50","98,50","98,45","0,00%"
"13.05.2019","98,18","98,50","98,50","98,30","0,05%"
"10.05.2019","98,13","99,50","99,50","99,50","-0,06%"
"08.05.2019","98,19","98,21","98,50","98,21","0,05%"
"07.05.2019","98,14","98,31","98,50","98,31","-0,08%"
"06.05.2019","98,22","98,55","98,55","98,21","-0,02%"
"03.05.2019","98,24","98,90","99,40","98,90","-0,62%"
"02.05.2019","98,85","98,85","98,85","98,85","0,68%"
"30.04.2019","98,18","98,55","98,55","98,22","-0,11%"
"29.04.2019","98,29","98,45","98,55","98,35","0,12%"
"26.04.2019","98,17","98,45","98,45","98,22","0,00%"
"25.04.2019","98,17","98,45","98,45","98,45","-0,04%"
"24.04.2019","98,21","98,45","98,45","98,40","-0,11%"
"23.04.2019","98,32","98,40","98,45","98,20","-0,06%"
"22.04.2019","98,38","98,21","98,44","98,20","0,04%"
"19.04.2019","98,34","98,10","98,45","98,10","0,15%"
"18.04.2019","98,19","98,20","98,44","98,20","-0,29%"
"17.04.2019","98,48","98,44","98,44","98,40","0,29%"
"16.04.2019","98,20","98,45","98,45","98,16","0,05%"
"15.04.2019","98,15","98,45","98,45","98,45","-0,30%"
"12.04.2019","98,45","98,40","98,40","98,40","-0,07%"
"11.04.2019","98,52","98,39","98,40","98,38","0,07%"
"10.04.2019","98,45","98,45","98,45","98,00","0,10%"
"09.04.2019","98,35","98,43","98,43","98,02","0,03%"
"08.04.2019","98,32","98,40","98,40","98,00","0,08%"
"05.04.2019","98,24","98,43","98,43","98,42","0,13%"
"04.04.2019","98,11","98,11","98,11","98,11","-0,14%"
"03.04.2019","98,25","98,44","98,44","98,39","0,19%"
"02.04.2019","98,06","98,40","98,40","98,30","-0,08%"
"01.04.2019","98,14","98,44","98,44","98,40","0,01%"
"29.03.2019","98,13","98,45","98,45","98,40","0,30%"
"28.03.2019","97,84","98,45","98,45","98,05","-0,16%"
"27.03.2019","98,00","98,00","98,39","98,00","-0,42%"
"26.03.2019","98,41","98,40","98,40","98,30","-0,07%"
"25.03.2019","98,48","98,48","98,48","98,48","0,21%"
"22.03.2019","98,27","98,40","98,40","98,40","0,06%"
"21.03.2019","98,21","98,28","98,50","98,20","0,30%"
"20.03.2019","97,92","97,87","98,28","97,87","0,06%"
"19.03.2019","97,86","98,20","98,20","98,20","0,02%"
"18.03.2019","97,84","98,10","98,25","98,10","0,14%"
"15.03.2019","97,70","97,90","98,04","97,70","-0,03%"
"14.03.2019","97,73","98,00","98,00","98,00","0,03%"
"13.03.2019","97,70","98,05","98,05","97,81","-0,01%"
"12.03.2019","97,71","97,97","97,97","97,70","0,22%"
"11.03.2019","97,50","98,04","98,04","98,04","-0,04%"
"07.03.2019","97,54","98,05","98,05","98,05","0,04%"
"06.03.2019","97,50","97,95","97,95","97,95","-0,01%"
"05.03.2019","97,51","97,65","98,04","97,65","-0,02%"
"04.03.2019","97,53","97,82","98,10","97,82","0,04%"
"01.03.2019","97,49","97,65","97,95","97,65","0,09%"
"28.02.2019","97,40","97,65","97,65","97,50","0,05%"
"27.02.2019","97,35","97,95","97,95","97,64","-0,05%"
"26.02.2019","97,40","97,50","97,95","97,50","-0,10%"
"25.02.2019","97,50","97,65","97,65","97,50","0,29%"
"22.02.2019","97,22","97,95","97,95","97,60","0,04%"
"21.02.2019","97,18","97,70","97,70","97,60","-0,34%"
"20.02.2019","97,51","97,75","97,75","97,50","-0,27%"
"19.02.2019","97,77","97,88","97,88","97,75","-0,14%"
"18.02.2019","97,91","97,95","97,95","97,50","0,10%"
"15.02.2019","97,81","97,64","97,81","97,60","0,25%"
"14.02.2019","97,57","97,89","97,89","97,60","-0,37%"
"13.02.2019","97,93","97,89","97,89","97,79","-0,15%"
"12.02.2019","98,08","97,99","97,99","97,88","0,04%"
"11.02.2019","98,04","98,20","98,20","97,99","-0,01%"
"08.02.2019","98,05","98,15","98,20","98,15","0,06%"
"07.02.2019","97,99","97,99","97,99","97,99","0,49%"
"06.02.2019","97,51","98,19","98,19","97,51","-0,55%"
"05.02.2019","98,05","98,20","98,20","97,50","0,06%"
"04.02.2019","97,99","98,10","98,10","97,73","0,01%"
"01.02.2019","97,98","97,80","98,15","97,74","-0,04%"
"31.01.2019","98,02","98,15","98,15","98,10","0,32%"
"30.01.2019","97,71","98,00","98,14","97,72","0,08%"
"29.01.2019","97,63","98,00","98,00","98,00","0,07%"
"28.01.2019","97,56","98,15","98,15","98,15","-0,05%"
"25.01.2019","97,61","98,00","98,00","97,99","0,07%"
"24.01.2019","97,54","98,14","98,14","98,14","0,05%"
"23.01.2019","97,49","97,75","98,15","97,50","-0,67%"
"22.01.2019","98,15","98,15","98,15","97,99","-0,05%"
"21.01.2019","98,20","98,15","98,15","98,00","-0,02%"
"18.01.2019","98,22","98,10","98,10","98,10","0,10%"
"17.01.2019","98,12","98,27","98,30","97,63","-0,15%"
"16.01.2019","98,27","98,30","98,30","98,20","-0,23%"
"15.01.2019","98,50","98,23","98,25","98,23","0,07%"
"14.01.2019","98,43","98,23","98,23","98,23","0,00%"
"11.01.2019","98,43","97,50","98,20","97,50","0,16%"
"10.01.2019","98,27","98,27","98,27","98,27","-0,10%"
"09.01.2019","98,37","97,70","98,35","97,27","0,35%"
"08.01.2019","98,03","98,03","98,03","98,03","-0,09%"
"04.01.2019","98,12","97,50","97,50","97,50","0,14%"
"03.01.2019","97,98","97,98","97,98","97,98","-1,28%"
"29.12.2018","99,25","97,70","99,25","97,70","1,47%"
"28.12.2018","97,81","97,70","98,35","97,51","0,30%"
"27.12.2018","97,52","97,65","97,65","97,25","0,20%"
"26.12.2018","97,33","97,60","97,60","97,25","0,07%"
"25.12.2018","97,26","97,50","97,58","97,25","-0,11%"
"24.12.2018","97,37","97,70","97,70","97,70","0,12%"
"21.12.2018","97,25","97,26","97,50","97,26","-0,32%"
"20.12.2018","97,56","97,69","97,70","97,42","0,16%"
"19.12.2018","97,40","97,40","97,40","97,40","-0,09%"
"18.12.2018","97,49","97,70","97,70","97,41","0,14%"
"17.12.2018","97,35","97,70","97,70","97,20","0,10%"
"14.12.2018","97,25","97,70","97,70","97,70","0,05%"
"13.12.2018","97,20","97,83","97,83","97,21","-0,03%"
"12.12.2018","97,23","97,20","97,69","97,20","-0,23%"
"11.12.2018","97,45","98,00","98,00","97,83","0,14%"
"10.12.2018","97,31","97,83","97,83","97,83","0,00%"
"07.12.2018","97,31","97,20","98,00","97,20","-0,12%"
"06.12.2018","97,43","97,40","97,40","97,40","0,01%"
"05.12.2018","97,42","97,20","97,80","97,20","-0,19%"
"04.12.2018","97,61","98,00","98,00","97,55","-0,06%"
"03.12.2018","97,67","98,00","98,00","97,10","0,04%"
"30.11.2018","97,63","97,50","97,50","97,50","0,02%"
"29.11.2018","97,61","97,50","97,50","97,50","0,36%"
"28.11.2018","97,26","97,60","97,60","97,26","-0,22%"
"27.11.2018","97,47","97,60","97,60","97,55","0,24%"
"26.11.2018","97,24","97,04","97,55","97,04","-0,18%"
"23.11.2018","97,42","97,58","97,60","97,11","0,10%"
"22.11.2018","97,32","97,58","97,58","97,58","0,03%"
"21.11.2018","97,29","97,65","97,65","96,90","0,02%"
"20.11.2018","97,27","97,80","97,80","96,76","-0,42%"
"19.11.2018","97,68","97,80","97,80","97,80","0,01%"
"16.11.2018","97,67","97,20","97,20","97,20","0,02%"
"15.11.2018","97,65","96,59","97,60","96,59","0,21%"
"14.11.2018","97,45","97,43","97,43","96,90","0,93%"
"13.11.2018","96,55","97,01","97,01","96,90","-0,14%"
"12.11.2018","96,69","96,99","97,44","96,10","-0,07%"
"09.11.2018","96,76","97,01","97,24","96,85","0,28%"
"08.11.2018","96,49","97,50","97,50","97,50","-0,28%"
"07.11.2018","96,76","97,25","97,25","97,25","-0,20%"
"06.11.2018","96,95","97,44","97,44","97,40","0,01%"
"02.11.2018","96,94","97,48","97,55","97,45","-0,01%"
"01.11.2018","96,95","97,48","97,48","97,44","0,00%"
"31.10.2018","96,95","96,50","97,40","96,50","-0,05%"
"30.10.2018","97,00","97,49","97,49","97,00","-0,16%"
"29.10.2018","97,16","97,00","97,45","97,00","-0,16%"
"26.10.2018","97,32","97,50","97,50","97,44","0,25%"
"25.10.2018","97,08","97,65","97,65","97,44","-0,14%"
"24.10.2018","97,22","97,60","97,60","97,45","-0,52%"
"23.10.2018","97,73","97,82","97,82","97,00","-0,11%"
"22.10.2018","97,84","97,82","97,82","97,82","0,23%"
"19.10.2018","97,62","99,00","99,00","97,82","-0,11%"
"18.10.2018","97,73","97,82","97,82","97,82","-0,17%"
"17.10.2018","97,90","99,29","99,29","99,29","0,11%"
"16.10.2018","97,79","98,24","98,24","98,24","0,00%"
"15.10.2018","97,79","99,69","99,69","97,76","-0,50%"
"12.10.2018","98,28","99,50","99,50","98,25","0,60%"
"11.10.2018","97,69","98,50","98,50","98,50","-0,11%"
"10.10.2018","97,80","99,60","99,60","99,60","0,13%"
"09.10.2018","97,67","98,99","99,69","98,99","-0,08%"
"08.10.2018","97,75","99,70","99,70","97,76","-0,15%"
"05.10.2018","97,90","99,80","99,80","99,80","0,11%"
"04.10.2018","97,79","98,00","98,00","98,00","-0,66%"
"03.10.2018","98,44","99,90","99,90","99,90","-0,01%"
"02.10.2018","98,45","99,90","99,90","99,90","0,12%"
"01.10.2018","98,33","99,00","99,00","99,00","0,14%"
"28.09.2018","98,19","98,19","98,19","98,19","-0,05%"
"27.09.2018","98,24","97,93","102,80","97,00","0,16%"
"26.09.2018","98,08","97,94","97,94","97,94","-0,09%"
"25.09.2018","98,17","97,94","97,94","97,50","0,14%"
"24.09.2018","98,03","97,94","97,94","97,94","0,13%"
"21.09.2018","97,90","99,00","99,00","97,94","0,06%"
"20.09.2018","97,84","97,78","98,90","97,78","-0,05%"
"19.09.2018","97,89","98,80","98,80","98,80","0,14%"
"18.09.2018","97,75","97,75","97,75","97,75","0,32%"
"17.09.2018","97,44","97,44","97,44","97,43","0,32%"
"14.09.2018","97,13","98,00","98,00","97,07","-0,81%"
"13.09.2018","97,92","99,00","99,00","99,00","0,06%"
"12.09.2018","97,86","97,50","97,50","97,50","0,36%"
"11.09.2018","97,51","97,50","97,50","97,50","0,92%"
"10.09.2018","96,62","96,62","96,62","96,62","-0,18%"
"07.09.2018","96,79","97,01","97,01","97,00","-0,01%"
"06.09.2018","96,80","97,34","98,00","97,34","-0,65%"
"05.09.2018","97,43","99,00","99,00","98,00","-0,24%"
"04.09.2018","97,66","98,00","98,00","97,77","0,00%"
"03.09.2018","97,66","99,00","99,00","99,00","0,09%"
"31.08.2018","97,57","99,00","99,00","99,00","0,11%"
"30.08.2018","97,46","98,00","98,00","98,00","-0,15%"
"29.08.2018","97,61","99,10","99,10","97,25","-0,80%"
"28.08.2018","98,40","98,40","98,40","98,40","-0,09%"
"27.08.2018","98,49","98,49","98,49","98,49","0,09%"
"24.08.2018","98,40","99,99","99,99","99,99","0,13%"
"23.08.2018","98,27","98,60","100,99","98,52","-0,15%"
"22.08.2018","98,42","98,52","101,99","98,52","0,25%"
"21.08.2018","98,17","98,17","98,17","98,17","0,39%"
"20.08.2018","97,79","99,99","102,00","99,99","0,16%"
"17.08.2018","97,63","97,63","97,63","97,63","-0,53%"
"16.08.2018","98,15","101,00","101,00","91,01","-0,05%"
"15.08.2018","98,20","98,98","98,98","98,98","-0,28%"
"14.08.2018","98,48","99,30","99,30","99,30","-0,20%"
"13.08.2018","98,68","100,00","100,00","98,80","-0,34%"
"10.08.2018","99,02","100,40","100,40","100,40","-0,07%"
"09.08.2018","99,09","99,09","99,09","99,09","-0,45%"
"08.08.2018","99,54","100,70","100,70","100,70","-0,70%"
"07.08.2018","100,24","101,00","101,00","101,00","0,03%"
"06.08.2018","100,21","100,90","100,90","100,27","-0,17%"
"03.08.2018","100,38","100,36","101,00","100,36","0,02%"
"02.08.2018","100,36","101,80","101,80","101,80","-0,37%"
"01.08.2018","100,73","100,55","101,80","100,55","-0,07%"
"31.07.2018","100,80","100,80","100,80","100,80","0,09%"
"30.07.2018","100,71","101,75","101,75","101,75","-0,02%"
"27.07.2018","100,73","101,75","101,75","101,75","-0,11%"
"26.07.2018","100,84","101,75","101,75","101,75","-0,01%"
"25.07.2018","100,85","101,75","101,75","101,75","-0,08%"
"24.07.2018","100,93","101,75","101,75","101,75","-0,06%"
"23.07.2018","100,99","101,75","101,75","101,75","0,01%"
"20.07.2018","100,98","101,21","101,80","101,21","-0,03%"
"19.07.2018","101,01","101,75","101,75","101,75","-0,06%"
"18.07.2018","101,07","101,75","101,75","101,75","-0,04%"
"17.07.2018","101,11","101,80","101,80","101,80","-0,32%"
"16.07.2018","101,43","101,80","101,80","101,80","-0,10%"
"13.07.2018","101,53","101,80","101,80","101,80","0,16%"
"12.07.2018","101,37","101,40","101,75","101,40","0,01%"
"11.07.2018","101,36","101,80","101,80","101,80","-0,28%"
"10.07.2018","101,64","63,84","101,75","63,84","0,15%"
"09.07.2018","101,49","101,49","101,49","101,49","0,25%"
"06.07.2018","101,24","101,24","101,24","101,24","0,00%"
"05.07.2018","101,24","101,24","101,24","101,24","0,17%"
"04.07.2018","101,07","102,00","102,00","102,00","0,06%"
"03.07.2018","101,01","102,00","102,00","102,00","-0,02%"
"02.07.2018","101,03","101,99","101,99","101,99","-0,05%"
"29.06.2018","101,08","102,00","102,00","102,00","-0,90%"
"28.06.2018","102,00","102,00","102,00","102,00","0,00%"
"26.06.2018","102,00","102,00","102,00","102,00","-0,24%"
"25.06.2018","102,25","102,25","102,25","102,25","0,10%"
"22.06.2018","102,15","102,15","102,15","102,15","0,00%"
"21.06.2018","102,15","101,75","102,15","101,75","0,00%"
"20.06.2018","102,15","102,15","102,15","102,15","0,00%"
"19.06.2018","102,15","102,15","102,15","102,15","-0,10%"
"15.06.2018","102,25","102,25","102,25","102,25","0,00%"
"14.06.2018","102,25","102,25","102,25","102,25","0,10%"
"09.06.2018","102,15","103,37","103,37","102,15","-0,10%"
"08.06.2018","102,25","101,99","102,25","101,45","0,00%"
"07.06.2018","102,25","102,20","102,25","102,20","0,05%"
"06.06.2018","102,20","102,20","102,20","102,20","-0,05%"
"05.06.2018","102,25","102,25","102,25","102,25","0,00%"
"04.06.2018","102,25","102,25","102,25","102,25","0,00%"
"01.06.2018","102,25","102,00","102,25","102,00","-1,08%"
"31.05.2018","103,37","103,37","103,37","103,37","1,34%"